"seqnames","start","end","strand","name","idx","Log2FC","FDR","MeanDiff"
"chr2",148046969,148042877,2,"Foxa2",1540,-1.55068703917852,2.51560835018637e-11,-6.39995193842385
"chr15",103018936,103036852,1,"Hoxc4",894,-1.22911220418277,4.51438681841451e-10,-6.0242435456713
"chr6",52012549,51859165,2,"Skap2",373,-1.52907214946775,4.99595334429156e-10,-2.03739579704841
"chrX",167070370,167063449,2,"Gm8817",1030,-1.08175617691693,1.1686085639337e-09,-2.41780516380078
"chrX",140664956,140767715,1,"Mid2",862,-1.15197375912185,2.30405257162919e-09,-1.9104985801893
"chrX",137570754,138849077,1,"Il1rapl2",841,-1.27374086927087,3.79465626483652e-09,-4.78634932376509
"chr1",19103022,19166338,1,"Tfap2d",69,-1.93534842629079,4.77255581527624e-09,-1.28013613158875
"chr4",115056426,115071755,1,"Tal1",699,-1.56098580822669,1.22342658949759e-08,-2.42382884327946
"chr2",147364994,147393295,1,"Pax1",1537,-1.25652475030832,1.77300377869427e-08,-2.34043027944955
"chrX",168795099,169304440,1,"Arhgap6",1037,-1.01980289259719,2.08511772152369e-08,-3.81684880957587
"chr18",76856405,76900342,1,"Skor2",542,-1.10218266519295,2.33484882372716e-08,-1.41137487514946
"chr15",102947946,102944062,2,"Hotair",885,-1.21661930347853,3.25250470094147e-08,-4.32787264035996
"chr6",52314832,52308389,2,"Evx1os",395,-1.24585757272734,3.90528078408421e-08,-5.67422379093994
"chrX",105344369,105344282,2,"Mir384",695,-2.1251688646086,4.07628684898888e-08,-5.46837255517299
"chrX",169685199,169990798,1,"Mid1",1041,-1.11051854373417,4.9264092729909e-08,-2.82731486149141
"chr9",24774303,24720812,2,"Tbx20",215,-1.28205828229299,6.49340415625181e-08,-1.30204505151941
"chrX",13466110,13489313,1,"Nyx",121,-1.30703918910535,6.49340415625181e-08,-1.55545349919767
"chrX",13281022,13293983,1,"Ddx3x",120,-1.18813495638123,7.77486080085323e-08,-1.29495413100046
"chr5",128433077,127783491,2,"Tmem132d",1034,-1.10970919017918,9.55036515410348e-08,-1.02728335360971
"chr6",52260880,52258853,2,"Hoxa13",394,-1.22960546797744,1.15414772245428e-07,-7.04574635667076
"chrX",152368572,152416702,1,"3010001F23Rik",940,-1.33443345889217,1.26841349651927e-07,-2.31754318719325
"chrX",167382749,167346320,2,"Prps2",1034,-1.2249601286751,1.47764757939586e-07,-1.43529394602753
"chr15",102921131,102928814,1,"Hoxc13",883,-1.10624440263727,1.50396760450455e-07,-4.60420075158606
"chr2",19446674,19441508,2,"Ptf1aos",140,-1.27522379065891,1.52723972256233e-07,-2.45818020428212
"chrX",139480367,139554580,1,"D330045A20Rik",849,-1.78558400607871,1.71974303666458e-07,-1.49171561201327
"chrX",158043197,157821573,2,"Cnksr2",981,-1.08154861229723,2.06996060565734e-07,-1.13898793310568
"chr11",96251660,96264484,1,"Gm53",1212,-1.07817217558685,2.83201773925382e-07,-3.95102057984794
"chrX",139563340,139673145,1,"Rnf128",850,-1.49740416229583,2.83577156644672e-07,-1.22062435233666
"chrX",163761332,163760139,2,"Rnf138rt1",1006,-1.09042541191277,2.8609299665417e-07,-3.18144223038712
"chrX",160390690,160498076,1,"Adgrg2",989,-1.33330181385132,3.57242990964966e-07,-2.18329493708433
"chr11",96306910,96291037,2,"Hoxb5os",1217,-1.0596282536519,3.83032645486343e-07,-3.53947461958888
"chr11",96365758,96368253,1,"Hoxb1",1224,-1.35599602145544,4.03775547026776e-07,-4.26873564414148
"chr8",57332435,57354580,1,"5033428I22Rik",399,-1.58176351906271,4.03775547026776e-07,-4.22042951197433
"chr11",96303512,96306121,1,"Hoxb5",1219,-1.1878243938111,4.52056643334332e-07,-3.88280509329398
"chrX",144688907,145122410,1,"Rtl4",889,-1.39386652893114,4.98709188969475e-07,-1.68697605752076
"chrX",144688180,144377327,2,"Trpc5",886,-1.20254688893976,4.99160728267633e-07,-1.74273792421076
"chr6",23839421,23262773,2,"Cadps2",86,-1.29974531624991,5.67705712044955e-07,-1.16903392523961
"chrX",140062879,140106797,1,"Pih1h3b",857,-1.25657496674316,9.11110990386418e-07,-1.17184028935528
"chr5",119670862,119684724,1,"Tbx3",903,-1.62244861147971,9.21240538011322e-07,-4.09176977401736
"chrX",145487639,145446424,2,"Amot",892,-1.24753769041808,9.27349150182711e-07,-0.844090303596853
"chr7",49910299,49959493,1,"Slc6a5",1011,-1.1867808622079,9.50871103517684e-07,-1.33836346773777
"chr19",25672411,25678991,1,"Dmrt2",442,-1.06577566841254,1.00804811297186e-06,-2.16941932896036
"chr12",56613284,56611393,2,"Nkx2-9",247,-1.19219742420282,1.34674893681545e-06,-4.3130449617021
"chrX",164980375,164936169,2,"Mospd2",1019,-1.29865930496367,1.52114957719676e-06,-0.767761296494995
"chr13",71107089,71107209,1,"Mir466f-4",649,-2.49090940085947,1.61552112445576e-06,-2.74280549633544
"chr11",96323126,96347930,1,"Hoxb3",1222,-1.31903759221444,1.70479420683858e-06,-4.75271190086475
"chr7",49759106,49773999,1,"Htatip2",1009,-1.33564636444802,1.86407920031704e-06,-1.39781770131364
"chrX",139998595,139889511,2,"Rbm41",855,-1.22645182782114,1.86407920031704e-06,-1.11530570487386
"chr2",74711993,74748271,1,"Hoxd3",678,-1.04105551816583,2.00406796172611e-06,-4.25316626378906
"chr2",147362793,147361541,2,"AI646519",1538,-1.16042093534079,2.00406796172611e-06,-3.55818063811397
"chrX",143518591,143797796,1,"Pak3",880,-1.06566895647807,2.16977652547834e-06,-2.00320378134821
"chr5",119691218,119685088,2,"Tbx3os2",904,-1.31505557093208,2.71590048678494e-06,-2.43758899140194
"chr11",96317165,96317274,1,"Mir10a",1220,-1.36576785535155,2.78429840914955e-06,-4.70627777956481
"chr5",147283298,147283189,2,"Mir7k",1340,-1.21195626593424,3.51971327382884e-06,-2.59489611025844
"chr15",102990539,102994254,1,"Hoxc8",890,-1.17172050756176,3.73396316925319e-06,-3.35226924177072
"chr2",147710693,147717632,1,"A530006G24Rik",1539,-1.33726615929639,3.73396316925319e-06,-0.627794572872318
"chr6",52213067,52169062,2,"Hoxa3",381,-1.06747002056403,3.89739378543962e-06,-5.12773394232428
"chr10",22820128,22817263,2,"Tcf21",121,-1.17877328610717,3.98548532892051e-06,-2.34978270413176
"chr2",146855889,146970089,1,"Kiz",1531,-1.88680890548541,4.19629010784227e-06,-1.92069289283131
"chrX",139333683,139338169,1,"Trap1a",848,-1.37243558032859,4.2502826408923e-06,-1.04972686534531
"chr8",57320859,57304414,2,"AV026068",397,-1.33627939856344,4.4122570288139e-06,-2.08698703970676
"chr8",78436652,78433009,2,"Pou4f2",601,-1.04671141922555,4.4122570288139e-06,-1.94307836940544
"chrX",165326981,165129017,2,"Glra2",1021,-1.49842569147925,4.4122570288139e-06,-1.02634011799134
"chrX",152563334,152563969,1,"Cldn34a",941,-1.0081282431759,4.66039875638393e-06,-1.64747625325316
"chrX",157415286,157162075,2,"Phex",974,-1.24812186433831,5.52681554682178e-06,-1.25821467482062
"chrX",138914430,139009092,1,"Nrk",843,-1.10236721993194,5.86380054877393e-06,-0.752488637951374
"chrX",169320372,169251538,2,"Hccs",1039,-1.12254100525791,8.35010826124208e-06,-0.899578585242028
"chr6",52313498,52318378,1,"Evx1",396,-1.03765880259379,9.00662017531922e-06,-4.24735983778078
"chr1",121087405,121120975,1,"Celrr",718,-1.59036949515114,9.81658405262843e-06,-0.803431549732605
"chr6",52175217,52213597,1,"Hoxaas3",382,-1.11191822412651,9.81658405262843e-06,-4.88442727801077
"chr19",25672239,25671134,2,"2610016A17Rik",443,-1.10472696569818,9.88990203447667e-06,-2.17227122915549
"chrX",13846556,13517080,2,"Cask",122,-1.07052178203297,1.02532008138475e-05,-1.61229450899136
"chr2",19445663,19447501,1,"Ptf1a",139,-1.20533210544398,1.03730282226081e-05,-2.62854444634427
"chr12",111442661,111455018,1,"Tnfaip2",757,-1.13321352575488,1.08121995598112e-05,-1.35335105386707
"chrX",157598715,157535371,2,"Mbtps2",976,-1.42346551354103,1.17909042367004e-05,-0.495453778957269
"chr5",147270131,147275149,1,"Pdx1",1339,-1.02371615560565,1.29224830826201e-05,-2.49223712170935
"chrX",160502166,160598878,1,"Phka2",990,-1.26033747428278,1.4985739859651e-05,-1.9511238779559
"chrX",104482782,104506262,1,"Uprt",687,-1.00645858656395,1.63581185766709e-05,-0.983760887999144
"chrX",129749742,130465834,1,"Diaph2",764,-1.23089247438352,1.67469215717378e-05,-1.20821497501903
"chr16",94290286,94129306,2,"Hlcs",735,-1.56147088337425,1.78211840921892e-05,-1.51220362518008
"chr15",102977032,102984444,1,"Hoxc9",889,-1.02024439371444,1.7897998276903e-05,-3.31073590934746
"chr8",71558871,71554303,2,"Tmem221",544,-1.86084506086379,1.84403748552609e-05,-1.22208997127853
"chrX",164269431,164373013,1,"Pir",1014,-1.25650806163948,1.85973988954727e-05,-1.09849979665172
"chr15",102966796,102971898,1,"Hoxc10",887,-1.15933781743605,1.86220976222492e-05,-4.04154072458989
"chr8",57320983,57324517,1,"Hand2",398,-1.34758807846638,1.92359657776926e-05,-2.50313392924262
"chrX",139357738,139240226,2,"Platr21",847,-1.15831206912397,2.62877642135089e-05,-0.847169497396456
"chr13",71963723,71958232,2,"Irx1",650,-1.25183131114463,2.72700382843771e-05,-2.80173787166276
"chrX",103493558,103530703,1,"Jpx",675,-1.34543956921148,3.22896423850415e-05,-0.651612661520904
"chrX",160138430,160122219,2,"Pdha1",988,-1.08585361380587,3.43335062692754e-05,-0.921897070883177
"chr11",96299171,96301569,1,"Hoxb6",1218,-1.04225442751554,3.58580236118015e-05,-3.13739589077082
"chr11",96265164,96265265,1,"Mir196a-1",1213,-1.09206730495749,5.15289338720094e-05,-3.23537089513501
"chrX",164980592,164997272,1,"Fancb",1020,-1.43729564852737,5.23737901209698e-05,-0.649340581366176
"chr8",94179089,94180327,1,"Mt1",770,-1.2436419631231,5.37916256958176e-05,-1.51252207625825
"chrX",144556239,144552758,2,"Mageb16-ps1",888,-1.12861006112193,5.48575038235e-05,-0.934635974412839
"chr15",102973350,102973434,1,"Mir196a-2",888,-1.22559428391909,6.26641598539293e-05,-3.64037205158783
"chr12",56591059,56594554,1,"C87198",246,-1.18733626136871,6.54135651109878e-05,-0.879113724491846
"chr1",19208914,19238845,1,"Tfap2b",70,-1.40817024069249,7.03656018043743e-05,-2.88965648765468
"chrX",11327822,11328151,1,"H2al1j",108,-1.08396185878178,7.12513380021266e-05,-1.45624928802454
"chr18",66458604,66465558,1,"Pmaip1",474,-1.22314372674851,7.48196007982807e-05,-0.928466170412934
"chrX",152233227,152279102,1,"Kdm5c",936,-1.02351800866795,7.70911963699445e-05,-0.807669314015202
"chrX",166170454,166190512,1,"Gemin8",1022,-1.10472032257935,0.000103589212365377,-0.890215918584533
"chr9",74848437,74889648,1,"Gm16551",824,-1.18701315997632,0.00010469160505119,-2.5403405790798
"chr2",74716130,74710044,2,"Hoxd3os1",679,-1.08847279424414,0.000110269926990163,-2.05047680089074
"chr10",22729432,22729372,2,"Mir7663",120,-1.24485901465751,0.000132679495791709,-0.618284330886969
"chr17",8434423,8442496,1,"T",52,-1.14659763004898,0.000137017713386387,-2.44681790506017
"chr6",64729146,64731243,1,"Atoh1",480,-1.84337432352934,0.000146603947988274,-3.32275976494713
"chrX",166440704,166390033,2,"Ofd1",1024,-1.0905061670843,0.000174657916292793,-0.667886074501943
"chr6",52204587,52201754,2,"Hoxa5",384,-1.25942147346186,0.000187210863565939,-4.56553079148694
"chr19",45660193,45578257,2,"Fbxw4",663,-1.18859104453046,0.000219729775699601,-0.925544970748489
"chrX",88115623,86747242,2,"Il1rapl1",565,-1.06517190590008,0.000225509084987836,-1.65227139453107
"chr5",120431886,120441457,1,"Lhx5",908,-1.23887138238771,0.000226131266184961,-5.49627163727232
"chr6",52156902,52158528,1,"Hotairm2",375,-1.39129199849476,0.0002282401961497,-3.25458751462251
"chr6",52191703,52189687,2,"Hoxa4",383,-1.13601525219732,0.000228380198036436,-2.88005390913612
"chrX",113297510,113836386,1,"Dach2",743,-1.65625401036508,0.000257555476982705,-0.700784123604846
"chr9",91368972,91389348,1,"Zic4",935,-1.03805211379003,0.000261567815701636,-2.91964434399281
"chr11",96318267,96321638,1,"Hoxb4",1221,-1.27434211631249,0.000261724417151733,-2.98707543710873
"chrX",155623327,155569736,2,"Ptchd1",972,-1.19440858985284,0.000280088147844965,-0.412908811114909
"chr5",15883766,15863928,2,"4930519H02Rik",65,-1.84899027386524,0.000304510691616268,-0.18093146664308
"chr12",51005156,51062543,1,"1700008C04Rik",204,-1.78591122321557,0.000316867404068611,-0.287487983016012
"chr8",48674690,48225665,2,"Tenm3",380,-1.32206849985616,0.000337409718571128,-0.696692281847049
"chrX",157492046,157443954,2,"Sms",975,-1.36291158833633,0.000397454346624203,-0.64859048991204
"chrX",145348894,145290359,2,"Lhfpl1",891,-1.91158234236189,0.000436493679191948,-1.38656825416618
"chrX",144317966,144374450,1,"Alg13",885,-1.48840954195021,0.000473204840466869,-0.384613479063519
"chr5",15934691,16374511,1,"Cacna2d1",66,-2.39230729672327,0.000475418441302517,-1.51800886098858
"chr6",88874979,88842558,2,"Podxl2",701,-1.55612287201404,0.000521728894893142,-1.69769395843192
"chr14",12284203,12303231,1,"3830406C13Rik",42,-2.20648376708254,0.000536008495037865,-1.02725060980662
"chr1",18145853,18115191,2,"Crisp4",65,-2.93556365806988,0.000563877581206319,-0.435988861354556
"chrX",142226770,142239700,1,"Nxt2",871,-1.25474753554297,0.000583825392832976,-0.994715792567403
"chrX",144456582,144477063,1,"Trpc5os",887,-1.32112753636992,0.000637453778876077,-0.639192617295026
"chrX",162888462,162856843,2,"Syap1",1001,-1.10504570123434,0.000718258651836752,-0.661203510274877
"chrX",140062568,140007673,2,"Nup62cl",856,-1.08866741111563,0.000725598480800333,-0.592260880935889
"chrX",104816776,104842455,1,"1700121L16Rik",689,-1.0036434237744,0.000749785264240944,-0.858067731451014
"chr5",147077346,147111361,1,"Polr1d",1336,-1.197264143642,0.000769334460140898,-0.44626141166684
"chrX",152342484,152336852,2,"Tspyl2",938,-1.14512505067203,0.000776103631530521,-1.04521526719063
"chr5",119200018,119194313,2,"Gm7538",900,-1.10338681218902,0.000863853439465994,-0.583180932728589
"chr9",37552745,37544493,2,"Nrgn",296,-1.14456598627993,0.000893585691248832,-0.69593171512903
"chr17",32403581,32390661,2,"Rasal3",480,-1.97681246225117,0.000979337011015263,-0.821442683313712
"chr5",119625942,119634462,1,"Gm16063",902,-1.04754894500797,0.00105045077212154,-1.06731774016652
"chr6",52208624,52206365,2,"Hoxa6",385,-1.01556568473806,0.00132699030804825,-2.91157637918245
"chr9",74861921,74889648,1,"Onecut1",825,-1.03560689333569,0.00134862063247947,-1.51246555082457
"chr12",57564115,57737904,1,"Ttc6",253,-1.63195876277771,0.00134955443359129,-0.840806977690173
"chr2",74704615,74707933,1,"Hoxd8",677,-1.13739287802806,0.00144473639518227,-2.94303417506048
"chr15",88314874,88372651,1,"B230214G05Rik",623,-1.32552916521814,0.0017336428038192,-0.312204243744798
"chrX",157568985,157566119,2,"Yy2",978,-1.17455667462426,0.00175962735207437,-0.63226053900506
"chr7",49778358,49858265,1,"Prmt3",1010,-1.32959131619856,0.00176448406956923,-0.332533802018181
"chr8",84701457,84704716,1,"Lyl1",670,-1.57468366554096,0.00184740654319855,-1.03677246703976
"chrX",157698973,157752591,1,"Smpx",979,-1.05670134206736,0.0018555068939813,-0.71928284354838
"chr19",14598183,14448072,2,"Tle4",386,-1.63257997517403,0.00192443802884311,-0.395045097690651
"chrX",164436994,164459170,1,"Asb11",1017,-1.14952347578228,0.00197652129269637,-0.591522260056367
"chrX",107255878,107296769,1,"Gpr174",716,-1.26763524780454,0.00206665084039182,-0.486124604656135
"chrX",136822746,136838582,1,"Plp1",831,-1.74384892659817,0.00230826018719282,-1.53279542662536
"chrX",164076493,164070703,2,"Siah1b",1010,-2.12764113948237,0.0023156738415815,-2.29625035037706
"chr2",31470270,31520670,1,"Ass1",367,-1.43933210869422,0.00243096613679196,-1.94604300087768
"chr1",99772765,100485942,1,"Cntnap5b",663,-2.37474699728513,0.00248429076945327,-0.658033945606157
"chrX",138209580,138208165,2,"Tex13a",842,-1.53479960403854,0.00248429076945327,-0.614999414579225
"chr7",19577287,19580656,1,"Zfp296",337,-1.99343396888407,0.00256949210713478,-1.03157951190708
"chr9",32636221,32757820,1,"Ets1",247,-1.45974494198157,0.00261386301216304,-1.56185122427849
"chrX",139782353,139779681,2,"Ripply1",852,-1.15881981245868,0.00272124525462972,-0.867783816942998
"chrX",137038302,136981116,2,"Slc25a53",837,-1.16186416299307,0.00276487410271917,-0.633693346617342
"chrX",13661363,13667433,1,"Gpr82",124,-1.2441957326866,0.00276839314989306,-0.608351593154184
"chr7",51621830,51671126,1,"Slc17a6",1016,-1.09118691864518,0.00282584188612567,-0.454329226627574
"chr18",63708695,63989760,1,"Wdr7",454,-1.3838154644157,0.00288406982021357,-0.742965638882952
"chr17",93199017,93206537,1,"Adcyap1",1180,-1.06751608691296,0.00288571112962324,-0.739965685274923
"chr7",19573343,19564949,2,"Gemin7",336,-1.8710955050075,0.00289615683673663,-0.758011496522039
"chr19",44493472,44514273,1,"Wnt8b",642,-1.02109971220015,0.00290034261918263,-1.57340928310642
"chrX",111110418,111123874,1,"Cylc1",731,-1.7932738517459,0.00293018173404492,-0.115818175078462
"chrX",166440755,166453140,1,"Trappc2",1025,-1.21226747905795,0.00302970540815795,-0.70374952460124
"chr5",99252927,99217420,2,"Rasgef1b",644,-1.25962628178647,0.00330383088313727,-0.361022311082971
"chr14",122181694,122402234,1,"Clybl",862,-1.2150988997711,0.00331577507406239,-1.44710014477797
"chr6",52158317,52155367,2,"Hoxa1",377,-1.12651589981418,0.00334378804034297,-2.23923606388586
"chrX",103623754,103560910,2,"Ftx",677,-1.22574686788818,0.00352196524490252,-1.02587423002589
"chrX",106920625,106933899,1,"Lpar4",713,-1.57438554046775,0.00352196524490252,-1.02473857211244
"chr9",117629913,116572746,2,"Rbms3",1247,-1.02306649453776,0.00375297963069101,-1.31001051559036
"chr15",95654771,95623563,2,"Dbx2",693,-1.33048072874487,0.00377794298087426,-0.917783801580624
"chr1",89683892,89676507,2,"4933400F21Rik",571,-1.31424845816384,0.0041423263397987,-0.512295738967192
"chr6",52158524,52162020,1,"Hotairm1",376,-1.19013713528399,0.00421286353493968,-2.26673566165953
"chr16",72663149,73046100,1,"Robo1",597,-1.43963570841693,0.00466906704905875,-0.304556719846835
"chr11",119390472,119390561,1,"Mir1932",1757,-1.2119788058784,0.0046976173717516,-0.963999835113541
"chr17",32403014,32404808,1,"A530088E08Rik",481,-2.69684433371514,0.00476857234283279,-1.05769290949455
"chr7",69496094,69499689,1,"4930402F11Rik",1108,-1.5959548474456,0.00516633610964125,-0.44780677220824
"chrX",134476490,134460116,2,"Taf7l",780,-1.28828098191196,0.00517984066386727,-0.509090460736679
"chr3",6620443,6615413,2,"1700008P02Rik",6,-1.95737410619892,0.00528604026101144,-0.0422045695739887
"chr5",103211334,102908547,2,"Mapk10",668,-1.16939966084961,0.005492320880725,-0.286601940284509
"chr6",95117631,95114017,2,"Kbtbd8os",765,-1.36439343800401,0.00557278163139487,-0.168329509690401
"chr9",24696293,24557048,2,"Dpy19l2",213,-1.16659231059774,0.00557346108043909,-0.141045205873299
"chrX",136085255,136072099,2,"Nxf3",814,-1.24527432224642,0.00570502007363913,-0.360306218338718
"chr7",25687002,25705077,1,"Tgfb1",501,-1.30449027988858,0.0057613759578586,-0.441056377204598
"chrX",139800808,139811386,1,"Cldn2",853,-1.07822445112323,0.005794652648352,-0.752454182851452
"chrX",107403360,107397195,2,"Itm2a",717,-1.45322728400649,0.00580393787702451,-0.697748999013991
"chr17",34204479,34216321,1,"Tap2",554,-1.05654870719589,0.00623437533460869,-0.660511635500248
"chr16",29579334,29654602,1,"Opa1",303,-2.2573779939675,0.00626455172378365,-1.29192963883461
"chr10",60923023,60923113,1,"Mir6408",338,-1.47830329270473,0.00634075430577337,-1.38047592721521
"chrX",108834355,108742208,2,"Brwd3",723,-1.21608258400864,0.00642320989910985,-0.277635974020113
"chr19",58911759,58911673,2,"Mir3086",774,-1.98652817013596,0.00679871357804526,-1.69257941397918
"chr10",79916930,79910053,2,"R3hdm4",572,-1.03713158208502,0.00680809909271123,-0.784193044962144
"chr14",122233638,122229905,2,"1700108J01Rik",863,-1.24279527607825,0.00686087867345506,-0.852908134200313
"chr17",89320227,89327333,1,"4933400B14Rik",1175,-1.82430758287555,0.00693025506507448,-0.10364757688391
"chrX",164373522,164402650,1,"Vegfd",1015,-1.21516462370438,0.00731053838858526,-0.61621482330696
"chr3",141465564,141834924,1,"Unc5c",1037,-1.92897150782252,0.00749837401334871,-0.855783533108464
"chrX",11299257,11299757,1,"H2al1a",101,-1.27616058241135,0.00753846101995151,-1.73568182065566
"chr7",130266808,130162451,2,"Fgfr2",1924,-1.22584511441374,0.00761406638077232,-0.693136590145931
"chr5",13125414,13603485,1,"Sema3a",50,-2.92902938133532,0.00788830785579862,-0.996306108859544
"chr2",74307717,74298940,2,"4930441J16Rik",669,-1.03746241927784,0.00818097855509298,-0.420124482149879
"chr18",72351069,71253632,2,"Dcc",512,-1.30218891670691,0.00836985055871925,-0.655613725457832
"chr13",56438355,56472363,1,"Slc25a48",500,-1.10639256191137,0.00846947164484213,-0.784647754615736
"chrX",134187501,134208030,1,"Arl13a",775,-1.01311147603085,0.00867004831117968,-0.50127260339771
"chr18",66002635,65980739,2,"Lman1",471,-1.94766647888536,0.00883415990709638,-0.560557067188622
"chr13",53639201,53635892,2,"9530014B07Rik",441,-1.1121240206561,0.00901581347805461,-0.399180829601862
"chrX",146962513,147197277,1,"Htr2c",893,-1.05663885392745,0.00914276928671364,-0.359875033884329
"chr8",84978748,84976909,2,"Junb",687,-1.60500193874728,0.00918347269195157,-0.741487910413534
"chrX",166479867,166457252,2,"Rab9",1026,-1.32055824740021,0.0100069597253797,-0.810726831060665
"chr3",127789913,127798389,1,"Tifa",952,-1.58616709455875,0.0101369764443087,-0.435840666760833
"chr5",75075601,75077893,1,"Gsx2",474,-1.07179240750566,0.0105573534549285,-4.89265684138255
"chr1",76489133,76502028,1,"Gm17751",458,-1.40094544536355,0.0105769404271849,-0.121079534414638
"chr5",98475664,98475556,2,"Mir703",641,-1.79796421112232,0.0105769404271849,-0.202715839534124
"chrX",10485116,10596604,1,"Tspan7",99,-1.59281262805196,0.0111588930939853,-1.25294326225036
"chr13",21945094,21960485,1,"Zfp184",127,-1.2986509715651,0.01180241936863,-0.245874970381673
"chrX",147158210,147158321,1,"Mir448",900,-1.2064135139016,0.0126626045878789,-0.375602374615088
"chr10",19486715,19507311,1,"Gm33104",86,-1.96580604532869,0.0132783186018595,-0.670861963963622
"chrX",111697079,111575204,2,"Hdx",733,-1.20415423390811,0.0133624528156633,-0.272658842432492
"chr9",21956006,21955284,2,"Gm45914",186,-1.09504755705053,0.0135792672090299,-0.461181221256535
"chrX",133898429,133891070,2,"Tspan6",768,-1.30162279512251,0.0140282476775929,-0.330920279858452
"chr17",33981492,33985358,1,"AA388235",536,-1.07042646060524,0.0142246903826793,-0.742886111231518
"chr9",74110334,74283203,1,"Wdr72",823,-1.31489835875958,0.0143281746012403,-0.442465639680686
"chrX",136993155,136996923,1,"Zcchc18",838,-1.0694701400051,0.0144290272146883,-0.684840893729036
"chr13",48663036,48666507,1,"Barx1",395,-1.03849343201288,0.0146318519069574,-5.29940714603943
"chrX",136183245,136183360,1,"Mir6383",818,-1.14102030774847,0.0150954427183865,-0.434453619710807
"chr8",103347534,103343878,2,"1600027J07Rik",818,-2.70052321919709,0.0152146613266092,-0.759113893797201
"chrX",136203851,136200951,2,"Tceal5",819,-1.12622540009744,0.0154577645126796,-0.403398162554338
"chr7",35334237,35392287,1,"Rhpn2",738,-1.2435896276072,0.015676219698602,-0.986125099969453
"chr5",121819273,121819209,2,"Mir7031",947,-1.18687425741517,0.015827099909996,-0.377318530256415
"chr14",119749227,119751564,1,"1700006F04Rik",846,-1.28477350765659,0.0161053557812816,-0.113772446748885
"chr5",117357305,117378589,1,"Wsb2",887,-2.31664872283297,0.0161844716605673,-1.58296609359006
"chrX",13632138,13640858,1,"Gpr34",123,-1.31782951390152,0.0165071434833092,-0.407953978141382
"chrX",153558593,153559435,1,"Cypt3",951,-1.25183962437353,0.0165751036192784,-0.743988625236111
"chr13",107890064,107724617,2,"Zswim6",859,-1.12642891882237,0.0170829197554806,-0.883886545711863
"chr7",118491975,118485111,2,"Itpripl2",1721,-1.02359389071888,0.0173372962233922,-0.330670076993252
"chr8",80058008,79965851,2,"Hhip",613,-1.02958140343436,0.0175058772480652,-0.280772405045531
"chr3",122044460,122180061,1,"Abca4",913,-1.11475608345275,0.0182431207299425,-0.533784233130457
"chr4",72201244,72203930,1,"C630043F03Rik",443,-1.17568288908682,0.0183489006379998,-0.256749621196667
"chr4",88942042,88909854,2,"LOC106557447",525,-1.23186542460428,0.0187288307420115,-0.155545405893485
"chr5",146585239,146582150,2,"Gpr12",1329,-1.19490154216807,0.0188990439324896,-1.04747637507895
"chr3",3508030,3659800,1,"Hnf4g",1,-1.00887459866271,0.0192898156577432,-0.0531363565114547
"chr9",100022300,100034670,1,"4930519F24Rik",1001,-1.28746936085919,0.0195139646487169,-0.282795160365823
"chr10",128525859,128510248,2,"Esyt1",1056,-1.05701197939532,0.0196701517104483,-0.220863599262257
"chr10",99107171,99197988,1,"Poc1b",821,-1.42301910082636,0.0197693955669318,-0.351750173158184
"chr5",106321340,106323221,1,"Gm32921",702,-1.03729202930841,0.0198368690903226,-0.695055734853584
"chr5",129787253,129765558,2,"Psph",1048,-1.12994775222296,0.0201144737609502,-0.112341027827846
"chrX",147064905,147065002,1,"Mir1298",899,-1.07856802713561,0.0214001997963597,-0.255897652624731
"chr13",36117643,36537595,1,"Fars2",320,-1.21061408314599,0.0218218597801188,-0.847703593468067
"chr7",40674737,40691260,1,"4933402C06Rik",763,-1.21860205978336,0.0225994445089195,-0.162568147265733
"chr9",63399244,63394447,2,"2300009A05Rik",708,-1.86134115066885,0.0228234028843525,-0.183204431673348
"chrX",106603679,106576509,2,"Cysltr1",710,-1.08954747945308,0.0228419749466098,-0.350817819912796
"chr11",110095937,110025634,2,"Abca8a",1594,-1.30337502107633,0.0228835908602331,-0.0908860850926896
"chrX",134601005,134588169,2,"Gla",784,-1.65959295047597,0.0229876855910447,-0.427045149402861
"chr1",20356454,20392300,1,"4930486I03Rik",72,-1.20114387403009,0.0238774180330962,-0.104158968956557
"chrX",103573154,103573060,2,"Mir374b",680,-1.04328750328346,0.0238893107551961,-0.683135293202132
"chr5",70842617,70751047,2,"Gabrg1",439,-1.65040459407555,0.0244399217258094,-0.0534317875063516
"chr8",57455923,57477585,1,"Scrg1",400,-1.07988812489886,0.0244473318468765,-0.190522714645314
"chr1",12667563,12673090,1,"Gm17644",36,-1.53260437083437,0.0263540389571076,-0.135204383428183
"chrX",136469096,136448107,2,"Kir3dl2",824,-1.02294247943659,0.0263672743846014,-0.205215633717454
"chr11",96351632,96354016,1,"Hoxb2",1223,-1.53422400825325,0.0266156494515131,-4.09724935513528
"chr13",76056996,76054851,2,"Gpr150",691,-1.03003149432257,0.0268337522367476,-0.371260848733396
"chr9",35281105,35285423,1,"4933422A05Rik",259,-2.11029387447015,0.0270661207496386,-1.05264496478801
"chr11",35616816,35616925,1,"Mir218-2",237,-1.46308182244617,0.0279741513330098,-0.814852601196979
"chr12",56345894,56328306,2,"Mbip",243,-1.00439257245982,0.0281459367524308,-0.253068073842441
"chr9",90114820,90091669,2,"Morf4l1",931,-1.2690614810096,0.028169254639224,-0.186943177376239
"chr9",24625185,24625828,1,"Cypt4",214,-1.13753534927772,0.0284153170607404,-0.155760866453105
"chr12",37108546,37179528,1,"Meox2",178,-1.1125485475636,0.0286436357282326,-0.134295341538546
"chr16",77236317,77691399,1,"Mir99ahg",610,-1.02685027548092,0.028659432780374,-0.178238381506131
"chr5",116312360,116318275,1,"B230112J18Rik",879,-1.69811585507251,0.0287497962537914,-0.699296106049918
"chrX",107667964,107688980,1,"Tbx22",719,-1.14123107472454,0.0291335709293493,-0.348033678624298
"chrX",106187100,106203699,1,"Pgk1",705,-1.02626324680862,0.0296025734174549,-0.556624637903123
"chr4",96141152,96099318,2,"Cyp2j12",554,-1.73898085907907,0.0298292320455849,-0.0607612855083001
"chr13",94358960,94566316,1,"Ap3b1",758,-1.52869580509359,0.030155160763808,-0.805772495082625
"chrX",10252305,10321024,1,"Otc",98,-1.71541562812837,0.0307022128217768,-0.806272852414536
"chrX",8748430,8754587,1,"Ssx9",75,-1.17645409561954,0.0316997055264055,-0.0775455014991126
"chr7",108869152,108868208,2,"Olfr517",1644,-2.68542887067853,0.0319371446020551,-0.122977079522731
"chr7",107801179,107781544,2,"Ovch2",1606,-2.20042171338098,0.0320136573831551,-0.110090874211137
"chr7",64205806,64205911,1,"Mir211",1069,-1.50796793364787,0.0325601498203004,-0.590318669912112
"chr7",30465591,30462164,2,"Nphs1os",652,-1.3230604602381,0.0331216065693216,-1.54427306813344
"chr5",121836859,121815481,2,"Sh2b3",946,-1.23932246419365,0.03396886529583,-0.301170797815785
"chr18",32240331,32270147,1,"Ercc3",134,-2.10550812990634,0.034026033300143,-0.610545592447946
"chrX",108834478,108974906,1,"2810403D21Rik",724,-1.06414153129278,0.0340743863607123,-0.271181649536984
"chr8",71566649,71560555,2,"Nxnl1",545,-1.04170758275826,0.0343050157547144,-0.460181257980056
"chr4",110397698,111663024,1,"Agbl4",677,-1.02732971348772,0.0345214239643305,-0.984931527492502
"chr3",33024777,33088607,1,"4930419G24Rik",124,-1.44283954293244,0.0345802219486622,-0.177147684944607
"chr19",22750605,22750672,1,"Mir204",420,-1.93303983252497,0.0346883654990806,-0.263794663589258
"chr11",42321072,42306437,2,"Gabra6",253,-1.0736690737488,0.035219492181718,-0.0409772526092407
"chr8",58911755,58914298,1,"BC030500",408,-1.42023635435631,0.0355755449721753,-0.201954853130404
"chr13",22035821,22036320,1,"Hist1h2bk",130,-1.44324936208864,0.0358264613256527,-0.392045179549166
"chr8",122551329,122481698,2,"Piezo1",1085,-1.28290684654764,0.0365986943267614,-0.463375083687205
"chr2",42653598,40596773,2,"Lrp1b",512,-1.36923964895701,0.036840324121628,-0.852181178632258
"chr3",105959498,105969760,1,"Wdr77",792,-1.94240564798351,0.0375734408711686,-0.105272617128104
"chr6",80018877,80810143,1,"Lrrtm4",565,-2.18370991414528,0.0381317250038088,-0.665397706577203
"chr19",13795609,13794665,2,"Olfr1497",378,-2.90226581602491,0.0390079620633833,-0.0735908647463351
"chr12",57230412,57242168,1,"Prps1l3",250,-1.32683193262219,0.0397011662771432,-0.163124935129481
"chrX",113074893,113074824,2,"Mir361",742,-1.62995410068961,0.0397011662771432,-0.267306717416457
"chrX",157818435,157821060,1,"Klhl34",980,-1.01050704038989,0.0406437616637281,-0.524408130635934
"chr10",128512030,128511968,2,"Mir6916",1057,-1.21694401399606,0.040842284722651,-0.390829233743133
"chr19",20492715,20556410,1,"E030003E18Rik",408,-1.26721371493871,0.0417091674314016,-0.0454544696064466
"chr1",31222839,31224287,1,"Pih1d3",112,-1.49735821832758,0.0430481720315403,-0.122613638559862
"chr4",84675086,84272542,2,"Bnc2",476,-1.07973002475388,0.0445198425007511,-0.675840376377052
"chr6",115838412,115810729,2,"Efcab12",868,-1.50066629574012,0.0446388198474091,-0.134942937489855
"chr19",14435950,14397487,2,"Gm8630",385,-1.87878938486853,0.0452932123672951,-0.405909238175064
"chr2",174110351,174122702,1,"Npepl1",1938,-1.39342059967308,0.0459954674909589,-0.13130685116985
"chrX",133908425,133932446,1,"Srpx2",769,-1.43361799600389,0.0466240505188441,-0.690738646912108
"chr1",139377076,139198254,2,"Crb1",875,-1.28266269285913,0.0469018974581624,-0.204249826545838
"chr17",83078225,83033592,2,"Gm19689",1123,-1.15695260552581,0.04824840013012,-0.368147039171518
"chr11",80477046,80481179,1,"Cdk5r1",987,-1.59558876797497,0.0486709884608566,-0.326420408848471
"chrX",136245080,136247139,1,"Tceal9",822,-1.013670520891,0.0486709884608566,-0.587442833678396
"chr2",171962824,171956879,2,"1700028P15Rik",1910,-2.92364714117876,0.0488658199891294,-1.08081841427293
"chr12",109734139,109734209,1,"Mir134",720,-2.31535153666655,0.0494358847761524,-0.101329426918091
"chr12",109734732,109734797,1,"Mir668",721,-2.32345533440608,0.0494358847761524,-0.103272610978327
"chr12",109734902,109734974,1,"Mir485",722,-2.32498025585569,0.0494358847761524,-0.103363520666963
"chr12",109735619,109735700,1,"Mir453",723,-2.32193015348344,0.0494358847761524,-0.102999884479461
"chr11",19018969,18880428,2,"Meis1",130,-1.05897853151478,0.0495248474221656,-0.738658442078795
